prediction,answer
netplay,long
netplay,long
netplay,cut
netplay,netplay
netplay,lob
netplay,long
netplay,smash
rush,netplay
netplay,error
netplay,lob
rush,smash
netplay,netplay
netplay,lob
netplay,long
netplay,cut
netplay,netplay
netplay,lob
netplay,long
netplay,cut
netplay,lob
netplay,error
netplay,cut
long,long
cut,cut
netplay,lob
netplay,smash
netplay,netplay
netplay,lob
netplay,error
netplay,cut
netplay,netplay
netplay,lob
netplay,error
netplay,lob
netplay,long
netplay,lob
netplay,netplay
netplay,drive
netplay,netplay
netplay,error
netplay,lob
netplay,cut
netplay,netplay
netplay,lob
netplay,cut
netplay,netplay
netplay,lob
netplay,cut
netplay,netplay
netplay,lob
netplay,long
netplay,error
netplay,smash
netplay,error
netplay,error
netplay,error
netplay,long
netplay,cut
netplay,lob
netplay,smash
netplay,netplay
netplay,lob
netplay,netplay
netplay,lob
netplay,cut
netplay,netplay
netplay,lob
netplay,long
netplay,cut
netplay,error
netplay,lob
netplay,cut
netplay,netplay
netplay,netplay
netplay,error
netplay,smash
netplay,netplay
netplay,lob
netplay,lob
netplay,error
netplay,long
netplay,long
netplay,cut
netplay,netplay
netplay,error
rush,smash
netplay,netplay
netplay,error
netplay,error
netplay,long
netplay,cut
netplay,lob
netplay,netplay
netplay,netplay
netplay,error
netplay,netplay
netplay,lob
netplay,smash
netplay,error
netplay,long
netplay,netplay
netplay,lob
netplay,cut
netplay,netplay
netplay,rush
netplay,error
netplay,long
netplay,cut
netplay,lob
netplay,netplay
netplay,long
netplay,long
cut,cut
netplay,netplay
netplay,error
netplay,netplay
netplay,lob
netplay,error
netplay,cut
netplay,lob
netplay,cut
netplay,netplay
netplay,error
netplay,netplay
long,lob
cut,long
netplay,smash
netplay,error
netplay,error
netplay,netplay
rush,lob
netplay,error
netplay,cut
netplay,netplay
netplay,netplay
netplay,lob
netplay,cut
long,netplay
cut,lob
netplay,long
netplay,long
netplay,long
netplay,netplay
netplay,lob
netplay,long
long,netplay
cut,lob
netplay,long
netplay,long
netplay,long
netplay,netplay
netplay,lob
netplay,error
netplay,long
netplay,lob
netplay,lob
cut,cut
netplay,netplay
netplay,netplay
netplay,lob
netplay,netplay
netplay,error
long,error
cut,netplay
long,lob
netplay,cut
netplay,netplay
netplay,netplay
netplay,lob
netplay,smash
netplay,error
netplay,error
netplay,error
netplay,long
netplay,cut
netplay,netplay
netplay,error
netplay,lob
netplay,error
long,lob
cut,cut
netplay,netplay
netplay,lob
netplay,smash
netplay,netplay
netplay,netplay
netplay,lob
netplay,smash
netplay,error
netplay,lob
netplay,smash
netplay,error
netplay,netplay
netplay,lob
netplay,netplay
netplay,netplay
long,lob
cut,lob
netplay,error
netplay,drive
netplay,error
netplay,long
netplay,cut
netplay,netplay
netplay,lob
netplay,long
netplay,long
netplay,netplay
netplay,netplay
netplay,netplay
netplay,netplay
netplay,netplay
netplay,lob
netplay,smash
netplay,lob
rush,cut
netplay,netplay
netplay,lob
long,error
cut,error
long,long
cut,netplay
netplay,error
netplay,netplay
netplay,lob
netplay,cut
netplay,lob
long,error
cut,smash
netplay,netplay
netplay,error
netplay,error
netplay,netplay
netplay,netplay
netplay,netplay
netplay,lob
netplay,cut
netplay,netplay
netplay,lob
netplay,cut
netplay,lob
netplay,long
netplay,cut
netplay,lob
netplay,netplay
netplay,lob
netplay,long
netplay,long
netplay,cut
netplay,error
netplay,error
long,error
cut,long
smash,smash
netplay,netplay
netplay,netplay
netplay,netplay
netplay,error
netplay,long
netplay,smash
netplay,netplay
netplay,lob
netplay,cut
netplay,netplay
netplay,lob
netplay,smash
netplay,netplay
netplay,netplay
netplay,lob
netplay,long
netplay,long
netplay,netplay
netplay,lob
netplay,error
netplay,error
netplay,netplay
netplay,long
netplay,lob
netplay,long
rush,smash
long,netplay
netplay,netplay
netplay,lob
netplay,netplay
netplay,lob
netplay,cut
netplay,netplay
netplay,netplay
netplay,lob
netplay,error
netplay,netplay
netplay,netplay
netplay,lob
netplay,long
long,cut
cut,rush
netplay,error
netplay,error
netplay,netplay
netplay,lob
netplay,netplay
netplay,lob
netplay,smash
netplay,netplay
netplay,rush
netplay,lob
netplay,cut
netplay,error
netplay,error
netplay,netplay
netplay,lob
netplay,netplay
netplay,lob
netplay,long
netplay,cut
netplay,netplay
netplay,lob
netplay,smash
netplay,netplay
netplay,lob
netplay,error
netplay,error
netplay,long
netplay,cut
netplay,lob
netplay,cut
netplay,netplay
netplay,error
netplay,error
netplay,error
netplay,error
netplay,netplay
netplay,error
netplay,lob
netplay,error
netplay,netplay
netplay,netplay
netplay,error
netplay,smash
long,error
long,error
long,error
cut,error
netplay,error
netplay,error
netplay,error
netplay,lob
netplay,error
netplay,error
rush,error
netplay,error
netplay,error
netplay,smash
netplay,netplay
netplay,error
netplay,lob
netplay,error
netplay,error
netplay,smash
netplay,error
rush,lob
netplay,error
netplay,error
netplay,netplay
netplay,error
netplay,error
netplay,error
netplay,cut
netplay,netplay
netplay,error
netplay,error
netplay,error
netplay,error
netplay,error
netplay,long
netplay,error
netplay,error
netplay,error
netplay,error
netplay,error
netplay,smash
netplay,error
netplay,error
netplay,error
netplay,error
rush,smash
rush,error
netplay,error
netplay,error
netplay,error
netplay,error
netplay,error
netplay,cut
netplay,netplay
netplay,error
netplay,lob
netplay,error
netplay,error
netplay,error
netplay,error
netplay,error
netplay,error
netplay,error
netplay,error
netplay,error
netplay,smash
long,lob
cut,smash
long,error
cut,error
netplay,error
netplay,error
netplay,smash
netplay,netplay
long,error
cut,error
netplay,error
netplay,lob
netplay,error
netplay,lob
netplay,error
netplay,smash
netplay,lob
netplay,error
netplay,error
netplay,long
netplay,error
netplay,smash
netplay,lob
netplay,error
netplay,error
netplay,lob
netplay,error
netplay,netplay
netplay,lob
netplay,lob
netplay,error
netplay,error
netplay,netplay
netplay,netplay
netplay,netplay
netplay,error
netplay,lob
netplay,error
rush,smash
netplay,error
netplay,error
netplay,error
netplay,error
netplay,lob
netplay,long
netplay,error
netplay,netplay
netplay,lob
netplay,cut
netplay,lob
rush,cut
cut,error
netplay,error
netplay,error
netplay,error
netplay,error
netplay,error
netplay,error
netplay,smash
rush,netplay
cut,error
netplay,error
netplay,error
netplay,long
netplay,smash
netplay,lob
netplay,smash
netplay,error
netplay,error
netplay,error
netplay,error
netplay,error
long,error
cut,long
netplay,smash
netplay,netplay
netplay,netplay
netplay,lob
netplay,error
netplay,error
long,netplay
long,lob
long,cut
long,lob
long,smash
long,netplay
